Metric,Base_Model,Finetuned_Model,Improvement_Percent,Improvement_Absolute
BLEU,0.0,0.0,0.0,0.0
BLEU-1,0.25,0.2231404958677686,-10.743801652892559,-0.0268595041322314
BLEU-2,0.08403361344537816,0.075,-10.75000000000001,-0.00903361344537816
BLEU-3,0.025423728813559324,0.025210084033613446,-0.8403361344537854,-0.00021364477994587766
BLEU-4,0.0,0.0,0.0,0.0
ROUGE-1,0.3116883116883116,0.28758169934640526,-7.734204793028293,-0.024106612341906364
ROUGE-2,0.10526315789473685,0.10596026490066227,0.6622516556291445,0.0006971070059254153
ROUGE-L,0.2337662337662338,0.1830065359477124,-21.713870733478586,-0.05075969781852138
AVERAGE,0.12627188070102746,0.11248738501202024,-10.91652045766596,-0.01378449568900722
