Metric,Base_Model,Finetuned_Model,Improvement_Percent,Improvement_Absolute
BLEU,0.11709708001811855,0.12795651948032583,9.273877248285762,0.010859439462207271
BLEU-1,0.30881571959638876,0.39109113199836537,26.642235864646942,0.08227541240197661
BLEU-2,0.13805166846071043,0.18606591572799333,34.77991088600844,0.0480142472672829
BLEU-3,0.080992637032997,0.11930123561994035,47.298865662734435,0.038308598586943354
BLEU-4,0.054449972360420124,0.08315193730953417,52.71254273395666,0.028701964949114048
ROUGE-1,0.32371783348239386,0.39783649987534664,22.89607143221657,0.07411866639295278
ROUGE-2,0.17077581672250947,0.24344282999672207,42.551114477928635,0.0726670132742126
ROUGE-L,0.24265209941407243,0.32305700249810343,33.13587777652996,0.080404903084031
AVERAGE,0.17956910338595133,0.2339878840632914,30.305202649687867,0.05441878067734007
